{"mean": 0.2959090909090909, "stdev": 0.2762592719774946, "time": 3345.4806711673737}