{"mean": 0.8328787878787879, "stdev": 0.005629333347688153, "time": 2741.3125059604645}