{"mean": 0.14731818181818182, "stdev": 0.19888104281685373, "time": 634.0813038349152}