{"mean": 0.5960606060606061, "stdev": 0.382002808837312, "time": 624.6097505092621}