{"sigmoid_api_pca": {"mean": 0.6827424242424243, "stdev": 0.006930960278828254, "time": 115.76350045204163}}